google.com,
youtube.com,
tmall.com,
baidu.com,
qq.com,
facebook.com,
sohu.com,
yahoo.com,
login.tmall.com,
taobao.com,
amazon.com,
360.cn,
jd.com,
wikipedia.org,
zoom.us,
live.com,
sina.com.cn,
pages.tmall.com,
weibo.com,
reddit.com,
netflix.com,
microsoft.com,
xinhuanet.com,
okezone.com,
vk.com,
office.com,
instagram.com,
myshopify.com,
yahoo.co.jp,
csdn.net,
google.com.hk,
alipay.com,
blogspot.com,
github.com,
bing.com,
microsoftonline.com,
bongacams.com,
naver.com,
twitch.tv,
ebay.com,
aliexpress.com,
panda.tv,
zhanqi.tv,
chaturbate.com,
china.com.cn,
salesforce.com,
amazon.co.jp,
tianya.cn,
google.co.in,
apple.com,
amazon.in,
tribunnews.com,
adobe.com,
twitter.com,
livejasmin.com,
yandex.ru,
msn.com,
linkedin.com,
huanqiu.com,
ok.ru,
pornhub.com,
aparat.com,
dropbox.com,
google.co.jp,
alibaba.com,
mail.ru,
wordpress.com,
1688.com,
google.com.br,
yy.com,
whatsapp.com,
cnn.com,
chase.com,
imgur.com,
17ok.com,
amazonaws.com,
detail.tmall.com,
imdb.com,
babytree.com,
so.com,
freepik.com,
etsy.com,
indeed.com,
nytimes.com,
grid.id,
xvideos.com,
jrj.com.cn,
spotify.com,
bbc.com,
mama.cn,
amazon.de,
udemy.com,
flipkart.com,
amazon.co.uk,
rakuten.co.jp,
booking.com,
paypal.com,
roblox.com,
google.fr,
detik.com,
bilibili.com,
google.de,
okta.com,
ettoday.net,
sogou.com,
soundcloud.com,
pixnet.net,
fandom.com,
zillow.com,
xhamster.com,
hao123.com,
google.ru,
google.es,
office365.com,
cnblogs.com,
wetransfer.com,
kompas.com,
discord.com,
google.it,
intuit.com,
globo.com,
stackoverflow.com,
mercadolivre.com.br,
uol.com.br,
canva.com,
onlinesbi.com,
worldometers.info,
stackexchange.com,
yao.tmall.com,
google.cn,
daum.net,
sindonews.com,
tradingview.com,
thestartmagazine.com,
digikala.com,
aliyun.com,
tumblr.com,
shutterstock.com,
youm7.com,
craigslist.org,
bbc.co.uk,
ladbible.com,
indiatimes.com,
pixabay.com,
grammarly.com,
google.com.tw,
tokopedia.com,
gome.com.cn,
speedtest.net,
wix.com,
theguardian.com,
google.com.mx,
google.co.uk,
google.com.sg,
wellsfargo.com,
savefrom.net,
nih.gov,
liputan6.com,
ups.com,
163.com,
zhihu.com,
cnet.com,
usps.com,
investing.com,
primevideo.com,
washingtonpost.com,
nicovideo.jp,
avito.ru,
bet9ja.com,
rednet.cn,
forbes.com,
vimeo.com,
instructure.com,
google.com.tr,
espn.com,
walmart.com,
eastday.com,
6.cn,
archive.org,
newstrend.news,
unsplash.com,
mediafire.com,
amazon.ca,
force.com,
godaddy.com,
tiktok.com,
iqiyi.com,
businessinsider.com,
pinterest.com,
duckduckgo.com,
smallpdf.com,
ilovepdf.com,
alwafd.news,
healthline.com,
aliexpress.ru,
homedepot.com,
skype.com,
bestbuy.com,
researchgate.net,
haosou.com,
google.ca,
google.com.sa,
slideshare.net,
bukalapak.com,
iqoption.com,
setn.com,
webex.com,
steamcommunity.com,
pexels.com,
namnak.com,
fedex.com,
taboola.com,
ikea.com,
wikihow.com,
3c.tmall.com,
ca.gov,
tistory.com,
line.me,
telegram.org,
mozilla.org,
suara.com,
asos.com,
capitalone.com,
box.com,
foxnews.com,
hdfcbank.com,
lazada.sg,
breitbart.com,
cnbc.com,
momoshop.com.tw,
w3schools.com,
google.com.eg,
ameblo.jp,
ebay.de,
slack.com,
shaparak.ir,
trello.com,
amazon.es,
t.co,
airbnb.com,
y2mate.com,
chouftv.ma,
coursera.org,
food.tmall.com,
dailymail.co.uk,
sahibinden.com,
behance.net,
yelp.com,
google.com.ar,
agacelebir.com,
hulu.com,
varzesh3.com,
metropoles.com,
evernote.com,
zerodha.com,
51.la,
mercari.com,
wayfair.com,
fidelity.com,
merdeka.com,
patch.com,
xnxx.com,
jianshu.com,
51sole.com,
gosuslugi.ru,
target.com,
kumparan.com,
gamepedia.com,
eikegolehem.com,
mercadolibre.com.mx,
ebay.co.uk,
emofid.com,
google.co.th,
amazon.fr,
amazon.cn,
redd.it,
patria.org.ve,
tsetmc.com,
ltn.com.tw,
idntimes.com,
googlevideo.com,
hespress.com,
irs.gov,
icicibank.com,
ask.com,
sberbank.ru,
weather.com,
dailymotion.com,
google.co.kr,
steampowered.com,
360.com,
op.gg,
hootsuite.com,
nianhuo.tmall.com,
gmanetwork.com,
goodreads.com,
diply.com,
citi.com,
nvzhuang.tmall.com,
ndtv.com,
messenger.com,
list.tmall.com,
deepl.com,
uniqlo.tmall.com,
agah.com,
investopedia.com,
google.co.id,
mofidonline.com,
allegro.pl,
cloudfront.net,
youdao.com,
chess.com,
trustpilot.com,
realtor.com,
abs-cbn.com,
glassdoor.com,
err.tmall.com,
amazon.it,
samsung.com,
jpnn.com,
protothema.gr,
brilio.net,
thesaurus.com,
pulzo.com,
dell.com,
miao.tmall.com,
manoramaonline.com,
medium.com,
zendesk.com,
google.pl,
bloomberg.com,
mercadolibre.com.ar,
moneycontrol.com,
cnnic.cn,
ebay-kleinanzeigen.de,
aol.com,
soso.com,
namu.wiki,
marketwatch.com,
hotmart.com,
heavy.com,
weebly.com,
subject.tmall.com,
gismeteo.ru,
indiamart.com,
bet365.com,
atlassian.com,
sciencedirect.com,
squarespace.com,
reverso.net,
aminoapps.com,
otvfoco.com.br,
canada.ca,
bankofamerica.com,
hotstar.com,
thepiratebay.org,
blogger.com,
reuters.com,
aimer.tmall.com,
adp.com,
pinimg.com,
caixa.gov.br,
hp.com,
istockphoto.com,
ameritrade.com,
n11.com,
surveymonkey.com,
quizlet.com,
cambridge.org,
geeksforgeeks.org,
albawabhnews.com,
get-express-vpn.com,
crunchyroll.com,
padlet.com,
neiyi.tmall.com,
scribd.com,
wildberries.ru,
rambler.ru,
divar.ir,
google.com.au,
td.com,
docusign.net,
elbalad.news,
leboncoin.fr,
kapanlagi.com,
softonic.com,
gotomeeting.com,
wsj.com,
fiverr.com,
google.gr,
ouedkniss.com,
spao.tmall.com,
gstatic.com,
feedly.com,
shimo.im,
9gag.com,
ebc.net.tw,
myhome.tmall.com,
xfinity.com,
wixsite.com,
yts.mx,
google.com.vn,
wikimedia.org,
rt.com,
ofgogoatan.com,
gmx.net,
zoho.com,
disneyplus.com,
academia.edu,
etrade.com,
teachable.com,
leagueoflegends.com,
efu.com.cn,
quora.com,
104.com.tw,
wish.com,
cnzz.com,
tejaratnews.com,
patreon.com,
ensonhaber.com,
blackboard.com,
playstation.com,
mathrubhumi.com,
fc2.com,
tencent.com,
fiaharam.net,
naukri.com,
filimo.com,
gap.tmall.com,
azure.com,
twimg.com,
orange.fr,
chinaz.com,
namasha.com,
dhl.com,
elfagr.com,
biobiochile.cl,
beytoote.com,
fast.com,
sonhoo.com,
cdc.gov,
gmw.cn,
uptodown.com,
schwab.com,
asriran.com,
hurriyet.com.tr,
gotowebinar.com,
in.gr,
nike.com,
list-manage.com,
coinbase.com,
dcard.tw,
qoo10.sg,
zol.com.cn,
myworkday.com,
shopee.co.id,
tripadvisor.com,
dbs.com.sg,
81.cn,
ih5.cn,
nypost.com,
att.com,
ebay.com.au,
amazon.com.br,
lowes.com,
usatoday.com,
herokuapp.com,
freshdesk.com,
slickdeals.net,
verizon.com,
typeform.com,
youporn.com,
huaban.com,
google.com.ua,
oracle.com,
prothomalo.com,
banvenez.com,
youth.cn,
google.co.ve,
costco.com,
theepochtimes.com,
proiezionidiborsa.it,
sba.gov,
webmd.com,
bp.blogspot.com,
mseav.com,
giphy.com,
reclameaqui.com.br,
17track.net,
spankbang.com,
kakaku.com,
ria.ru,
shopee.tw,
ecosia.org,
infobae.com,
zippyshare.com,
mfisp.com,
viva.co.id,
ekaie.com,
elcomercio.com,
,
